tweet,Polarity,Sentiment
abimanyulatiief kamu tahu depita tidak,0,0
indhfptri nahh akan masih bisa ketolong ituu yang begini kalau sadarnya kelamaan begitu depita mau pergi bahkan depita yang disalahin,0,0
rt ladyjasminee we al-aqsha depita sleepcall mahasiswa bu mega robi yusuf mansur sunscreen canggih darwis presiden republik Indonesia,0,0
rt ladyjasminee we al-aqsha depita sleepcall mahasiswa bu mega robi yusuf mansur sunscreen canggih darwis presiden republik Indonesia,0,0
semoga kmu jangan ninggalin aku semoga kamu juga ngertiin perasaan aku disaat aku lagi susah walaupun aku senang wasuu depita sadar kamu bangun oi selagi masih sehari kamu masih bisa nyelametin diri heh namanya ibra pulak tertawa run depita ruunn,0,0
rt aisantuyaee unmagnetism lullabeau someone tolong tepok pundak depita biar sadar,0,0
rt lullabeau unmagnetism depita kamu tidak mandang fisik sudah begitu kamu juga yang keluar uang terus apa kualitas dia yang kamu liatt,0,0
rt lullabeau unmagnetism depita kamu tidak mandang fisik sudah begitu kamu juga yang keluar uang terus apa kualitas dia yang kamu liatt,0,0
rt ivanailupar lullabeau unmagnetism depita diam diam sudah daftarin ibra sebagai pendonor ginjal,0,0
rt ivanailupar lullabeau unmagnetism depita diam diam sudah daftarin ibra sebagai pendonor ginjal,0,0
rt unmagnetism itu depita lagi ngincer ginjalnya ibra tidak tahu saja,0,0
rt adheliaap anti anti pandang pisik matre bukan pisik depita,0,0
rt lullabeau unmagnetism depita kamu tidak mandang fisik sudah begitu kamu juga yang keluar uang terus apa kualitas dia yang kamu liatt,0,0
rt unmagnetism itu depita lagi ngincer ginjalnya ibra tidak tahu saja,0,0
rt ivanailupar lullabeau unmagnetism depita diam diam sudah daftarin ibra sebagai pendonor ginjal,0,0
rt lullabeau unmagnetism depita kamu tidak mandang fisik sudah begitu kamu juga yang keluar uang terus apa kualitas dia yang kamu liatt,0,0
tidak pulang pergi depita memulai hidup baru,0,0
rt unmagnetism itu depita lagi ngincer ginjalnya ibra tidak tahu saja,0,0
rt unmagnetism lullabeau depita lagi kena gendam,0,0
rt lullabeau unmagnetism depita kamu tidak mandang fisik sudah begitu kamu juga yang keluar uang terus apa kualitas dia yang kamu liatt,0,0
rt asyfa_mahdiya lebih baik bersyukur daripada mengeluh sunscreen canggih depita kim tae ri uang mana uang beckham lee min ho https,0,0
depita kamu cakep kenapa mau sama yang kay begitu si,0,0
unmagnetism depita jalan sama yang lain,0,0
depita bayarin aku dong,0,0
rt tidak bisa tidur gara-gara mikirin ibra sama depita ultramen,0,0
unmagnetism depita muka muka cewek karir padahal,0,0
unmagnetism orang tua ketar ketir entah didikannya bakal jadi kayak si ibra atau depita yang kelewat baik,0,0
mandunleto depita kalau makan soto pakai tangan,0,0
unmagnetism depita putusin ibra pacaran sama saya,0,0
rt elghuvven tidak memiliki hubungan tapi memiliki perasaan yang tidak bisa hilang rasanya depita sleepcall mahasiswa bu mega robi,0,0
rt zahwasfiera sabar fokus tujuan hanya kepada allah swt depita cantik tidur lee min ho,0,0
unmagnetism si ibra boleh seneng di awal dia tidak tahu saja kalau depita sudah ngedaftarin dia jadi tumbal proyek,0,0
unmagnetism depita ini cewek langka sih sudah cewenya lebih tinggi cantik tidak mandang fisik ibra mau bayarin jalan pula,0,0
rt ivanailupar lullabeau unmagnetism depita diam diam sudah daftarin ibra sebagai pendonor ginjal,0,0
rt lullabeau unmagnetism depita kamu tidak mandang fisik sudah begitu kamu juga yang keluar uang terus apa kualitas dia yang kamu liatt,0,0
rt asyfa_mahdiya jika kamu merasa diselimuti dengan dosa ganti selimutmu dengan istighfar sunscreen canggih depita kim tae ri du,0,0
unmagnetism nikmatin semua ini depita banyak pelajaran yang akan kamu dapat setelah nya,0,0
rt ladyjasminee menjaganya adalah tugas kami depita sleepcall mahasiswa bu mega robi yusuf mansur sunscreen canggih darwis preside,0,0
rt unmagnetism itu depita lagi ngincer ginjalnya ibra tidak tahu saja,0,0
rt unmagnetism itu depita lagi ngincer ginjalnya ibra tidak tahu saja,0,0
rt ivanailupar lullabeau unmagnetism depita diam diam sudah daftarin ibra sebagai pendonor ginjal,0,0
rt lullabeau unmagnetism depita kamu tidak mandang fisik sudah begitu kamu juga yang keluar uang terus apa kualitas dia yang kamu liatt,0,0
rt lullabeau unmagnetism depita kamu tidak mandang fisik sudah begitu kamu juga yang keluar uang terus apa kualitas dia yang kamu liatt,0,0
unmagnetism depita kamu kerasukan jurig apa,0,0
rt ladyjasminee menjaganya adalah tugas kami depita sleepcall mahasiswa bu mega robi yusuf mansur sunscreen canggih darwis preside,0,0
rt sebwah lirik tag yusuf mansur depita dangdut,0,0
rt ivanailupar lullabeau unmagnetism depita diam diam sudah daftarin ibra sebagai pendonor ginjal,0,0
rt lullabeau unmagnetism depita kamu tidak mandang fisik sudah begitu kamu juga yang keluar uang terus apa kualitas dia yang kamu liatt,0,0
rt ivanailupar lullabeau unmagnetism depita diam diam sudah daftarin ibra sebagai pendonor ginjal,0,0
rt asyfa_mahdiya jangan salah paham dan mau digantung yah depita sleepcall mahasiswa bu mega robi yusuf mansur sunscreen canggi,0,0
rt ivanailupar lullabeau unmagnetism depita diam diam sudah daftarin ibra sebagai pendonor ginjal,0,0
rt ladyjasminee menjaganya adalah tugas kami depita sleepcall mahasiswa bu mega robi yusuf mansur sunscreen canggih darwis preside,0,0
rt ladyjasminee we al-aqsha depita sleepcall mahasiswa bu mega robi yusuf mansur sunscreen canggih darwis presiden republik Indonesia,0,0
rt ivanailupar lullabeau unmagnetism depita diam diam sudah daftarin ibra sebagai pendonor ginjal,0,0
rt ivanailupar lullabeau unmagnetism depita diam diam sudah daftarin ibra sebagai pendonor ginjal,0,0
rt lullabeau unmagnetism depita kamu tidak mandang fisik sudah begitu kamu juga yang keluar uang terus apa kualitas dia yang kamu liatt,0,0
rt ivanailupar lullabeau unmagnetism depita diam diam sudah daftarin ibra sebagai pendonor ginjal,0,0
rt lullabeau unmagnetism depita kamu tidak mandang fisik sudah begitu kamu juga yang keluar uang terus apa kualitas dia yang kamu liatt,0,0
rt ivanailupar lullabeau unmagnetism depita diam diam sudah daftarin ibra sebagai pendonor ginjal,0,0
rt ivanailupar lullabeau unmagnetism depita diam diam sudah daftarin ibra sebagai pendonor ginjal,0,0
rt lullabeau unmagnetism depita kamu tidak mandang fisik sudah begitu kamu juga yang keluar uang terus apa kualitas dia yang kamu liatt,0,0
lullabeau unmagnetism emosi banget sama depita kalau dekat mah saya tampol,0,0
rt asyfa_mahdiya lebih baik bersyukur daripada mengeluh sunscreen canggih depita kim tae ri uang mana uang beckham lee min ho https,0,0
rt lullabeau unmagnetism depita kamu tidak mandang fisik sudah begitu kamu juga yang keluar uang terus apa kualitas dia yang kamu liatt,0,0
rt ivanailupar lullabeau unmagnetism depita diam diam sudah daftarin ibra sebagai pendonor ginjal,0,0
rt lullabeau unmagnetism depita kamu tidak mandang fisik sudah begitu kamu juga yang keluar uang terus apa kualitas dia yang kamu liatt,0,0
rt asyfa_mahdiya lebih baik bersyukur daripada mengeluh sunscreen canggih depita kim tae ri uang mana uang beckham lee min ho https,0,0
rt unmagnetism itu depita lagi ngincer ginjalnya ibra tidak tahu saja,0,0
rt lullabeau unmagnetism depita kamu tidak mandang fisik sudah begitu kamu juga yang keluar uang terus apa kualitas dia yang kamu liatt,0,0
rt ivanailupar lullabeau unmagnetism depita diam diam sudah daftarin ibra sebagai pendonor ginjal,0,0
rt lullabeau unmagnetism depita kamu tidak mandang fisik sudah begitu kamu juga yang keluar uang terus apa kualitas dia yang kamu liatt,0,0
rt unmagnetism lullabeau depita lagi kena gendam,0,0
ko si depita mau iya,0,0
rt asyfa_mahdiya lebih baik bersyukur daripada mengeluh sunscreen canggih depita kim tae ri uang mana uang beckham lee min ho https,0,0
rt ivanailupar lullabeau unmagnetism depita diam diam sudah daftarin ibra sebagai pendonor ginjal,0,0
depita ikut om saja yu ikut bimbel yang benar,0,0
rt ivanailupar lullabeau unmagnetism depita diam diam sudah daftarin ibra sebagai pendonor ginjal,0,0
rt lullabeau unmagnetism depita kamu tidak mandang fisik sudah begitu kamu juga yang keluar uang terus apa kualitas dia yang kamu liatt,0,0
tinggal menerima kekuranganku seperti depita terhadap ibra apa susahnya,0,0
tinkerbae depita sudah cakep tulus lagi peletnya ibra kuat banget,0,0
rt ivanailupar lullabeau unmagnetism depita diam diam sudah daftarin ibra sebagai pendonor ginjal,0,0
rt ivanailupar lullabeau unmagnetism depita diam diam sudah daftarin ibra sebagai pendonor ginjal,0,0
rt lullabeau unmagnetism depita kamu tidak mandang fisik sudah begitu kamu juga yang keluar uang terus apa kualitas dia yang kamu liatt,0,0
leave them alone khilaf bunda kim bros lifes too short jakarta hajatan sore umbrella academy the umbrella academy oleh oleh oleh tidak oleh tidak six years with oleh paris fashion week partai demokrasi Indonesia perjuangan jaehyun people lisa nikita mirzani dilindungi depita menuju negara otoriter,0,0
rt lullabeau unmagnetism depita kamu tidak mandang fisik sudah begitu kamu juga yang keluar uang terus apa kualitas dia yang kamu liatt,0,0
rt ivanailupar lullabeau unmagnetism depita diam diam sudah daftarin ibra sebagai pendonor ginjal,0,0
tinandeszachr kayaknya yang di video alpin namanya devita sudah nah ini yang versi sengklehnya depita,0,0
mandunleto tertawa iya saya juga bingunk semoga depita cepat sadar,0,0
unmagnetism depita mulia sekali,0,0
rt ivanailupar lullabeau unmagnetism depita diam diam sudah daftarin ibra sebagai pendonor ginjal,0,0
rt lullabeau unmagnetism depita kamu tidak mandang fisik sudah begitu kamu juga yang keluar uang terus apa kualitas dia yang kamu liatt,0,0
rt lullabeau unmagnetism depita kamu tidak mandang fisik sudah begitu kamu juga yang keluar uang terus apa kualitas dia yang kamu liatt,0,0
tinandeszachr closing statementnya ibra bagaimana iya di saat aku sedih walau senang sudah kena ini depita sama sarung tangannya dep dep,0,0
rt ladyjasminee menjaganya adalah tugas kami depita sleepcall mahasiswa bu mega robi yusuf mansur sunscreen canggih darwis preside,0,0
rt ladyjasminee we al-aqsha depita sleepcall mahasiswa bu mega robi yusuf mansur sunscreen canggih darwis presiden republik Indonesia,0,0
dapat kami informasikan untuk member setia kami bahwa link ip untuk saat ini tidak dapat di akses silahkan anda akse link alternatif kami dibawah ini agar dapat bermain kembali link alternatif di dan cash situsjudionline depita gaskesolo jakarta,0,0
lah ini depita yang kemarin anak angke kalah anak tayem yang kemarin,0,0
rt asyfa_mahdiya lebih baik bersyukur daripada mengeluh sunscreen canggih depita kim tae ri uang mana uang beckham lee min ho https,0,0
rt ivanailupar lullabeau unmagnetism depita diam diam sudah daftarin ibra sebagai pendonor ginjal,0,0
liyayajsuh ada ibra sama depita tidak,0,0
rt ivanailupar lullabeau unmagnetism depita diam diam sudah daftarin ibra sebagai pendonor ginjal,0,0
xeenoxii depita etamah,0,0
rt ivanailupar lullabeau unmagnetism depita diam diam sudah daftarin ibra sebagai pendonor ginjal,0,0
rt mfdlnn unmagnetism padahal bibit itu si depita salah pergaulan banget bahkan main sama jamet,0.1666666667,1
rt lullabeau unmagnetism depita kamu tidak mandang fisik sudah begitu kamu juga yang keluar uang terus apa kualitas dia yang kamu liatt,0,0
muinolog ini pasti depita lagi kena santet,0,0
rt ivanailupar lullabeau unmagnetism depita diam diam sudah daftarin ibra sebagai pendonor ginjal,0,0
rt asyfa_mahdiya lebih baik bersyukur daripada mengeluh sunscreen canggih depita kim tae ri uang mana uang beckham lee min ho https,0,0
rt ivanailupar lullabeau unmagnetism depita diam diam sudah daftarin ibra sebagai pendonor ginjal,0,0
rt lullabeau unmagnetism depita kamu tidak mandang fisik sudah begitu kamu juga yang keluar uang terus apa kualitas dia yang kamu liatt,0,0
rabu siang depita telah mengirimkan shopee pay ayo ambil di sini sebelum habis viral note,0,0
depita kamu salah pergaulan dep pulang dep,0,0
rt ivanailupar lullabeau unmagnetism depita diam diam sudah daftarin ibra sebagai pendonor ginjal,0,0
rt ivanailupar lullabeau unmagnetism depita diam diam sudah daftarin ibra sebagai pendonor ginjal,0,0
rt catpcain jual iqiyi netflix spotify disney hbo canva viu youtube appmus wetv iflix dan lain-lain fast respon kah wa ada di bio tidur yusuf mansu,0.2,1
depita dari pada sama ibra lebih baik sama anyot saja,0,0
unmagnetism depita nanti tahun lagi kamu lihat video ini pasti kamu ingin ngilang,0,0
rt nadyaunaa depita jungwon best leader telah mengirimkan shopee pay ayo ambil di sini sebelum habis,1,1
rt nadyaunaa depita jungwon best leader telah mengirimkan shopee pay ayo ambil di sini sebelum habis,1,1
rt nadyaunaa depita jungwon best leader telah mengirimkan shopee pay ayo ambil di sini sebelum habis,1,1
depita jungwon best leader telah mengirimkan shopee pay ayo ambil di sini sebelum habis viral note,1,1
rt asyfa_mahdiya lebih baik bersyukur daripada mengeluh sunscreen canggih depita kim tae ri uang mana uang beckham lee min ho https,0,0
rt asyfa_mahdiya lebih baik bersyukur daripada mengeluh sunscreen canggih depita kim tae ri uang mana uang beckham lee min ho https,0,0
rt lullabeau unmagnetism depita kamu tidak mandang fisik sudah begitu kamu juga yang keluar uang terus apa kualitas dia yang kamu liatt,0,0
rt asyfa_mahdiya lebih baik bersyukur daripada mengeluh sunscreen canggih depita kim tae ri uang mana uang beckham lee min ho https,0,0
rt ivanailupar lullabeau unmagnetism depita diam diam sudah daftarin ibra sebagai pendonor ginjal,0,0
rt mirzariahdita jokowi meminta zulkifli hasan mengantisipasi ketersediaan pangan menjelang hari raya idul adha yang akan diperingati,0,0
jokowi meminta zulkifli hasan mengantisipasi ketersediaan pangan menjelang hari raya idul adha yang akan diperingati juli joko widodo jokowi unleash the multiverse jakarta hajatan siang bapak politik identitas depita rabu,0,0
rt lullabeau unmagnetism depita kamu tidak mandang fisik sudah begitu kamu juga yang keluar uang terus apa kualitas dia yang kamu liatt,0,0
jokowi meminta zulkifli hasan mengantisipasi ketersediaan pangan menjelang hari raya idul adha yang akan diperingati juli joko widodo jokowi unleash the multiverse jakarta hajatan siang bapak politik identitas depita rabu,0,0
jokowi meminta zulkifli hasan mengantisipasi ketersediaan pangan menjelang hari raya idul adha yang akan diperingati juli joko widodo jokowi unleash the multiverse jakarta hajatan siang bapak politik identitas depita rabu,0,0
rt lullabeau unmagnetism depita kamu tidak mandang fisik sudah begitu kamu juga yang keluar uang terus apa kualitas dia yang kamu liatt,0,0
jokowi meminta zulkifli hasan mengantisipasi ketersediaan pangan menjelang hari raya idul adha yang akan diperingati juli joko widodo jokowi unleash the multiverse jakarta hajatan siang bapak politik identitas depita rabu,0,0
unmagnetism depita kiyowo njiirr sama saya saja dep,0,0
unmagnetism cakep njir depita,0,0
rt orenshopedia korean dress super cantik link bu mega sunscreen canggih depita kebangun kami kings are,0.3333333333,1
rt lullabeau unmagnetism depita kamu tidak mandang fisik sudah begitu kamu juga yang keluar uang terus apa kualitas dia yang kamu liatt,0,0
unmagnetism sabar sekali kamu depita,0,0
rt ivanailupar lullabeau unmagnetism depita diam diam sudah daftarin ibra sebagai pendonor ginjal,0,0
depita siapa si serius bertanya,0,0
rt unmagnetism lullabeau depita lagi kena gendam,0,0
rt lullabeau unmagnetism depita kamu tidak mandang fisik sudah begitu kamu juga yang keluar uang terus apa kualitas dia yang kamu liatt,0,0
rt ivanailupar lullabeau unmagnetism depita diam diam sudah daftarin ibra sebagai pendonor ginjal,0,0
rt berita_hanif jokowi meminta zulkifli hasan mengantisipasi ketersediaan pangan menjelang hari raya idul adha yang akan diperingati ju,0,0
jokowi meminta zulkifli hasan mengantisipasi ketersediaan pangan menjelang hari raya idul adha yang akan diperingati juli joko widodo jokowi unleash the multiverse jakarta hajatan siang bapak politik identitas depita rabu,0,0
rt lullabeau unmagnetism depita kamu tidak mandang fisik sudah begitu kamu juga yang keluar uang terus apa kualitas dia yang kamu liatt,0,0
rt ranyandari depita weh cepat sadar iya dep,0,0
nama depita dan ibra 'sang cowok matre tiba-tiba trend di twitter siapa sebenarnya mereka depita kdrt,0,0
rt mirzariahdita jokowi mengatakan elon musk mengirim tim kah indonesia pada enam minggu lalu untuk memastikan potensi investasi di indone,0,0
rt ivanailupar lullabeau unmagnetism depita diam diam sudah daftarin ibra sebagai pendonor ginjal,0,0
unmagnetism depita kamu kena cuci ye otaknya anjing si ibra tidak modal banget mana pada banget,0,0
jokowi mengatakan elon musk mengirim tim kah indonesia pada enam minggu lalu untuk memastikan potensi investasi di indonesia jokowi elon musk indonesia unleash the multiverse badan eksekutif mahasiswa universitas indonesia bu mega bapak politik identitas siang depita petugas kim taehyung,0,0
rt jokowi mengatakan elon musk mengirim tim kah indonesia pada enam minggu lalu untuk memastikan potensi investasi di indonesi,0,0
jokowi mengatakan elon musk mengirim tim kah indonesia pada enam minggu lalu untuk memastikan potensi investasi di indonesia jokowi elon musk indonesia unleash the multiverse badan eksekutif mahasiswa universitas indonesia bu mega bapak politik identitas siang depita petugas kim taehyung,0,0
rt jokowi mengatakan elon musk mengirim tim kah indonesia pada enam minggu lalu untuk memastikan potensi investasi di indonesia,0,0
jokowi mengatakan elon musk mengirim tim kah indonesia pada enam minggu lalu untuk memastikan potensi investasi di indonesia jokowi elon musk indonesia unleash the multiverse badan eksekutif mahasiswa universitas indonesia bu mega bapak politik identitas siang depita petugas kim taehyung,0,0
rt jokowi mengatakan elon musk mengirim tim kah indonesia pada enam minggu lalu untuk memastikan potensi investasi di indonesia,0,0
jokowi mengatakan elon musk mengirim tim kah indonesia pada enam minggu lalu untuk memastikan potensi investasi di indonesia jokowi elon musk indonesia unleash the multiverse badan eksekutif mahasiswa universitas indonesia bu mega bapak politik identitas siang depita petugas kim taehyung,0,0
rt berita_hanif jokowi mengatakan elon musk mengirim tim kah indonesia pada enam minggu lalu untuk memastikan potensi investasi di indones,0,0
jokowi mengatakan elon musk mengirim tim kah indonesia pada enam minggu lalu untuk memastikan potensi investasi di indonesia jokowi elon musk indonesia unleash the multiverse badan eksekutif mahasiswa universitas indonesia bu mega bapak politik identitas siang depita petugas kim taehyung,0,0
rt lullabeau unmagnetism depita kamu tidak mandang fisik sudah begitu kamu juga yang keluar uang terus apa kualitas dia yang kamu liatt,0,0
rt lullabeau unmagnetism depita kamu tidak mandang fisik sudah begitu kamu juga yang keluar uang terus apa kualitas dia yang kamu liatt,0,0
lebih baik menyesal karena pernah mencoba daripada menyesal karena tidak coba semangat mecoba iya badan eksekutif mahasiswa universitas indonesia depita petugas bu mega negara hadir bangtan nikita mirzani dilindungi big bang,0,0
unmagnetism depita kamu bibit unggul mia khalifa mau aje kamu ame rexona colek,0,0
rt kiiwjongun depita tolong segera sadar adikku buat ibra kamu memang sombong ingatlah itu yang membuatmu tidak bisa mendapatkan gelar untuk,0,0
rt ivanailupar lullabeau unmagnetism depita diam diam sudah daftarin ibra sebagai pendonor ginjal,0,0
rt lullabeau unmagnetism depita kamu tidak mandang fisik sudah begitu kamu juga yang keluar uang terus apa kualitas dia yang kamu liatt,0,0
rt bayangin saja dahulu robi darwis tidur jakarta bu mega dangdut depita indonesia negara besar mafia hukum kalsel pre,0,0
rt ivanailupar lullabeau unmagnetism depita diam diam sudah daftarin ibra sebagai pendonor ginjal,0,0
rt lullabeau unmagnetism depita kamu tidak mandang fisik sudah begitu kamu juga yang keluar uang terus apa kualitas dia yang kamu liatt,0,0
rt bayangin saja dahulu robi darwis tidur jakarta bu mega dangdut depita indonesia negara besar mafia hukum kalsel pre,0,0
kainaseya asli depita kena gendam atau ada misi terselubung,0,0
rt semoga kisah joji tidak dapat menganggu ibra dan depita ibra oleh,0,0
rt lullabeau unmagnetism depita kamu tidak mandang fisik sudah begitu kamu juga yang keluar uang terus apa kualitas dia yang kamu liatt,0,0
rt asyfa_mahdiya mulailah kebaikan dan cinta dari keluargamu hingga bisa kamu tebarkan itu di luar sunscreen canggih depita kim tae,0,0
rt ivanailupar lullabeau unmagnetism depita diam diam sudah daftarin ibra sebagai pendonor ginjal,0,0
rt ivanailupar lullabeau unmagnetism depita diam diam sudah daftarin ibra sebagai pendonor ginjal,0,0
rt asyfa_mahdiya lebih baik bersyukur daripada mengeluh sunscreen canggih depita kim tae ri uang mana uang beckham lee min ho https,0,0
rt lullabeau unmagnetism depita kamu tidak mandang fisik sudah begitu kamu juga yang keluar uang terus apa kualitas dia yang kamu liatt,0,0
hilmi_abdr motipasi depita,0,0
hongjisoohoon kamu sama si depita kena genjutsu cowok miskin,0,0
rt ivanailupar lullabeau unmagnetism depita diam diam sudah daftarin ibra sebagai pendonor ginjal,0,0
rt unmagnetism lullabeau depita lagi kena gendam,0,0
rt ivanailupar lullabeau unmagnetism depita diam diam sudah daftarin ibra sebagai pendonor ginjal,0,0
rt lullabeau unmagnetism depita kamu tidak mandang fisik sudah begitu kamu juga yang keluar uang terus apa kualitas dia yang kamu liatt,0,0
depita sudah tidak mandang misik tidak mandang dompet pula terus apanya yang diliat yh,0,0
unmagnetism ibra terlihat menerima depita apa adanya dia mencintainya dengan sepenuh hati sungguh cowo teladan,0,0
rt ivanailupar lullabeau unmagnetism depita diam diam sudah daftarin ibra sebagai pendonor ginjal,0,0
rt ladyjasminee jangan pernah berhenti mendoakan teman-teman kita yang sedang berjuang di palestina depita sleepcall mahasiswa bu,0,0
rt ivanailupar lullabeau unmagnetism depita diam diam sudah daftarin ibra sebagai pendonor ginjal,0,0
rt lullabeau unmagnetism depita kamu tidak mandang fisik sudah begitu kamu juga yang keluar uang terus apa kualitas dia yang kamu liatt,0,0
rt ivanailupar lullabeau unmagnetism depita diam diam sudah daftarin ibra sebagai pendonor ginjal,0,0
rt zahwasfiera sabar fokus tujuan hanya kepada allah swt depita cantik tidur lee min ho,0,0
unmagnetism depita masih bisa diselamatkann harusnya,0,0
rt ivanailupar lullabeau unmagnetism depita diam diam sudah daftarin ibra sebagai pendonor ginjal,0,0
littletelli unmagnetism itu didompet depita sudah ada kartu donor ginjal atas nama ibra,0,0
nonamehahhal tidak bisa saya jadi depita,0,0
rt pempekbecuko rekomendasi dress super elegan cantik banget dan baru kali ini nemu yang benar benar secantik ini rp amel bu,0.3333333333,1
lullabeau unmagnetism depita matanya siwer capek saya tertawa melulu,0,0
unmagnetism depita cantik banget tertawa saya salfok,0,0
kebetulan depita ini sama kepanjangan dari depe ibra ini kependekan dari ibranto mirip sama saya saya juga cowok matre suka sama depe karena sering dibayarin rujak,0,0
rt ivanailupar lullabeau unmagnetism depita diam diam sudah daftarin ibra sebagai pendonor ginjal,0,0
anti anti pandang pisik matre bukan pisik depita,0,0
rt ivanailupar lullabeau unmagnetism depita diam diam sudah daftarin ibra sebagai pendonor ginjal,0,0
rt unmagnetism itu depita lagi ngincer ginjalnya ibra tidak tahu saja,0,0
unmagnetism depita depita kamu yang cakep kamu yang modal lima taon lagi kamu nyesel depitaa,0,0
rt ivanailupar lullabeau unmagnetism depita diam diam sudah daftarin ibra sebagai pendonor ginjal,0,0
txtdarifur susah tertawa kecuali yang umurnya sepantaran depita karena pemikirannya masih labil,0,0
depita kena hipnotis,0,0
rt lullabeau unmagnetism depita kamu tidak mandang fisik sudah begitu kamu juga yang keluar uang terus apa kualitas dia yang kamu liatt,0,0
rt ivanailupar lullabeau unmagnetism depita diam diam sudah daftarin ibra sebagai pendonor ginjal,0,0
rt ivanailupar lullabeau unmagnetism depita diam diam sudah daftarin ibra sebagai pendonor ginjal,0,0
rt lullabeau unmagnetism depita kamu tidak mandang fisik sudah begitu kamu juga yang keluar uang terus apa kualitas dia yang kamu liatt,0,0
rt lullabeau unmagnetism depita kamu tidak mandang fisik sudah begitu kamu juga yang keluar uang terus apa kualitas dia yang kamu liatt,0,0
rt unmagnetism itu depita lagi ngincer ginjalnya ibra tidak tahu saja,0,0
rt lullabeau unmagnetism depita kamu tidak mandang fisik sudah begitu kamu juga yang keluar uang terus apa kualitas dia yang kamu liatt,0,0
syahrialdanii depita ono copynan ra iya ra mandang fisik ra mandang bondo ngerusak pasaran tenan wkek,0,0
rt unmagnetism itu depita lagi ngincer ginjalnya ibra tidak tahu saja,0,0
rt ivanailupar lullabeau unmagnetism depita diam diam sudah daftarin ibra sebagai pendonor ginjal,0,0
rt lullabeau unmagnetism depita kamu tidak mandang fisik sudah begitu kamu juga yang keluar uang terus apa kualitas dia yang kamu liatt,0,0
rt ivanailupar lullabeau unmagnetism depita diam diam sudah daftarin ibra sebagai pendonor ginjal,0,0
rt ivanailupar lullabeau unmagnetism depita diam diam sudah daftarin ibra sebagai pendonor ginjal,0,0
rt lullabeau unmagnetism depita kamu tidak mandang fisik sudah begitu kamu juga yang keluar uang terus apa kualitas dia yang kamu liatt,0,0
rt unmagnetism itu depita lagi ngincer ginjalnya ibra tidak tahu saja,0,0
rt ivanailupar lullabeau unmagnetism depita diam diam sudah daftarin ibra sebagai pendonor ginjal,0,0
rt lullabeau unmagnetism depita kamu tidak mandang fisik sudah begitu kamu juga yang keluar uang terus apa kualitas dia yang kamu liatt,0,0
unmagnetism ini nanti depita gede dikit lngsung sadar pasti,0,0
rt unmagnetism itu depita lagi ngincer ginjalnya ibra tidak tahu saja,0,0
unmagnetism si depita kayaknya kaca matanya sudah tidak pas buru sudah minta ganti sama orang tua kamu,0,0
rt ivanailupar lullabeau unmagnetism depita diam diam sudah daftarin ibra sebagai pendonor ginjal,0,0
offisyelstore tolong banget tepokin pundak depita biar sadar,0,0
rt pempekbecuko rekomendasi dress super elegan cantik banget dan baru kali ini nemu yang benar benar secantik ini rp amel bu,0.3333333333,1
unmagnetism depita smga kamu cpet sadar,0,0
rt lullabeau unmagnetism depita kamu tidak mandang fisik sudah begitu kamu juga yang keluar uang terus apa kualitas dia yang kamu liatt,0,0
rt lullabeau unmagnetism depita kamu tidak mandang fisik sudah begitu kamu juga yang keluar uang terus apa kualitas dia yang kamu liatt,0,0
rt ivanailupar lullabeau unmagnetism depita diam diam sudah daftarin ibra sebagai pendonor ginjal,0,0
rt ivanailupar lullabeau unmagnetism depita diam diam sudah daftarin ibra sebagai pendonor ginjal,0,0
rt lullabeau unmagnetism depita kamu tidak mandang fisik sudah begitu kamu juga yang keluar uang terus apa kualitas dia yang kamu liatt,0,0
rt unmagnetism itu depita lagi ngincer ginjalnya ibra tidak tahu saja,0,0
rt ivanailupar lullabeau unmagnetism depita diam diam sudah daftarin ibra sebagai pendonor ginjal,0,0
unmagnetism depita tolak sadar,0,0
unmagnetism depita bapak kamu nonton,0,0
unmagnetism depita lebih baik kamu kabur,0,0
rt ivanailupar lullabeau unmagnetism depita diam diam sudah daftarin ibra sebagai pendonor ginjal,0,0
rt lullabeau unmagnetism depita kamu tidak mandang fisik sudah begitu kamu juga yang keluar uang terus apa kualitas dia yang kamu liatt,0,0
rt ivanailupar lullabeau unmagnetism depita diam diam sudah daftarin ibra sebagai pendonor ginjal,0,0
unmagnetism ini depita apa keisya,0,0
rt unmagnetism itu depita lagi ngincer ginjalnya ibra tidak tahu saja,0,0
rt ladyjasminee bangsa palestina tidak akan berhenti dan menyerah untuk mengambil haknya kembali depita sleepcall mahasiswa bu meg,0,0
rt ladyjasminee menjaganya adalah tugas kami depita sleepcall mahasiswa bu mega robi yusuf mansur sunscreen canggih darwis preside,0,0
unmagnetism depita untuk kelas berapaa buset tinggi benar mana demplon,0,0
rt ladyjasminee jangan pernah berhenti mendoakan teman-teman kita yang sedang berjuang di palestina depita sleepcall mahasiswa bu,0,0
rt ladyjasminee we al-aqsha depita sleepcall mahasiswa bu mega robi yusuf mansur sunscreen canggih darwis presiden republik Indonesia,0,0
rt marwabeatrix selama dirimu dalam kebajikan tuhan akan menjauhkan segala bentuk kejahatan mendekatimu depita sleepcall mahasiswa,0,0
rt ladyjasminee peace for palestine peace for world depita sleepcall mahasiswa bu mega robi yusuf mansur sunscreen canggih darwis per,0,0
syang bangt depita,0,0
kalian terlalu sibuk mikirin copras capres sampai belum lihat video si ibra sama si depita,0,0
rt lullabeau unmagnetism depita kamu tidak mandang fisik sudah begitu kamu juga yang keluar uang terus apa kualitas dia yang kamu liatt,0,0
unmagnetism depita kata saya mah cepat sembuh deh,0,0
siapapun tolong tepok punggung depita,0,0
unmagnetism jujur ini si depita ini tipe saya banget anjing ini bocil kok bisa dapat yang seperti begini,0,0
rt ivanailupar lullabeau unmagnetism depita diam diam sudah daftarin ibra sebagai pendonor ginjal,0,0
rt lullabeau unmagnetism depita kamu tidak mandang fisik sudah begitu kamu juga yang keluar uang terus apa kualitas dia yang kamu liatt,0,0
rt ivanailupar lullabeau unmagnetism depita diam diam sudah daftarin ibra sebagai pendonor ginjal,0,0
rt unmagnetism lullabeau depita lagi kena gendam,0,0
rt lullabeau unmagnetism depita kamu tidak mandang fisik sudah begitu kamu juga yang keluar uang terus apa kualitas dia yang kamu liatt,0,0
skwkwkw plot twist cerita cinta depita ibra,0,0
unmagnetism depita kamu sadar kamu kena genjutsu ibra,0,0
rt lullabeau unmagnetism depita kamu tidak mandang fisik sudah begitu kamu juga yang keluar uang terus apa kualitas dia yang kamu liatt,0,0
rt ladyjasminee peace for palestine peace for world depita sleepcall mahasiswa bu mega robi yusuf mansur sunscreen canggih darwis per,0,0
depita now playing kamu kok seperti saya jaman dulu gobloknya cuma bedanya saya ampe jadi ampe sekarang karena cowo tidak bermodal itu sekarang sudah jadi lakik saya,0,0
rt ladyjasminee bangsa palestina tidak akan berhenti dan menyerah untuk mengambil haknya kembali depita sleepcall mahasiswa bu meg,0,0
rt ladyjasminee menjaganya adalah tugas kami depita sleepcall mahasiswa bu mega robi yusuf mansur sunscreen canggih darwis preside,0,0
rt pempekbecuko rekomendasi dress super elegan cantik banget dan baru kali ini nemu yang benar benar secantik ini rp amel bu,0.3333333333,1
ini depita perlu kata-kata pedas kapis kayaknya,0,0
rt ladyjasminee jangan pernah berhenti mendoakan teman-teman kita yang sedang berjuang di palestina depita sleepcall mahasiswa bu,0,0
rt ivanailupar lullabeau unmagnetism depita diam diam sudah daftarin ibra sebagai pendonor ginjal,0,0
rt lullabeau unmagnetism depita kamu tidak mandang fisik sudah begitu kamu juga yang keluar uang terus apa kualitas dia yang kamu liatt,0,0
rt asyfa_mahdiya kemenangan palestina bukan hanya khayalan sunscreen canggih depita kim tae ri uang mana uang,0,0
rt lullabeau unmagnetism depita kamu tidak mandang fisik sudah begitu kamu juga yang keluar uang terus apa kualitas dia yang kamu liatt,0,0
rt lullabeau unmagnetism depita kamu tidak mandang fisik sudah begitu kamu juga yang keluar uang terus apa kualitas dia yang kamu liatt,0,0
unmagnetism depita bakal ilfeell berapa hari lagi,0,0
rt lullabeau unmagnetism depita kamu tidak mandang fisik sudah begitu kamu juga yang keluar uang terus apa kualitas dia yang kamu liatt,0,0
lullabeau unmagnetism depita diem diem masukkan list si ibra jadi tumbal pesugihan,0,0
rt ladyjasminee we al-aqsha depita sleepcall mahasiswa bu mega robi yusuf mansur sunscreen canggih darwis presiden republik Indonesia,0,0
depita tolong sadar,0,0
depita ini sebenernya punya bisnis perdagangan manusia,0,0
rt lullabeau unmagnetism depita kamu tidak mandang fisik sudah begitu kamu juga yang keluar uang terus apa kualitas dia yang kamu liatt,0,0
rt ivanailupar lullabeau unmagnetism depita diam diam sudah daftarin ibra sebagai pendonor ginjal,0,0
unmagnetism tidak apa-apa depita kamu modalin saja nutrisari sama teajus dulu ntr saya bantu cari orang yang butuh jantung ginjal biji mata sama usus kita jual si ibra,0,0
wkwkwkw depita kamu mau saja sama cowo matre,0,0
rt unmagnetism lullabeau depita lagi kena gendam,0,0
unmagnetism ini depita yang waktu itu diputusin dio,0,0
rt ivanailupar lullabeau unmagnetism depita diam diam sudah daftarin ibra sebagai pendonor ginjal,0,0
rt lullabeau unmagnetism depita kamu tidak mandang fisik sudah begitu kamu juga yang keluar uang terus apa kualitas dia yang kamu liatt,0,0
rt lullabeau unmagnetism depita kamu tidak mandang fisik sudah begitu kamu juga yang keluar uang terus apa kualitas dia yang kamu liatt,0,0
unmagnetism alig sekali ibra tanpa modal saja bisa dapat depita bagaimana modal,0,0
unmagnetism depita padahal bibit unggul ini aduh tiriss,0,0
rt ivanailupar lullabeau unmagnetism depita diam diam sudah daftarin ibra sebagai pendonor ginjal,0,0
rt lullabeau unmagnetism depita kamu tidak mandang fisik sudah begitu kamu juga yang keluar uang terus apa kualitas dia yang kamu liatt,0,0